Player,Pos,DOB,Total Fights,GP,G,A,P,PIM,PIM/GP,TOI/GP,PIM/TOI%,Pen Drawn,Pen Taken,Net Pen,Pen Drawn/60,Pen Taken/60,Net Pen/60,Minor,Major,Match,Msct,G Msct,S/C,Pos,DOB,Birth City,S/P,Ctry,Ntnlty,Ht,Wt,Draft Yr,Round,Overall,1st Season,1st Season Corrected,HOF,GP,G,A,P
Scott Sandelin,'D',8/8/64,0,25,0,4,4,2,4,'--','--','--',1,'--','--','--','--',1,0,0,0,0,'R','D',8/8/64,Hibbing,'MN','USA','USA',72,200,1982,2,40,19861987,1986,'N',25,0,4,4
Andreas Thuresson,'R',11/18/87,0,25,1,2,3,6,14,'10:00','2.4','3',3,'0','0.72','0.72','0',3,0,0,0,0,'R','R',11/18/87,Kristianstad,'--','SWE','SWE',73,206,2007,5,144,20092010,2009,'N',25,1,2,3
Anssi Melametsa,'R',6/21/61,0,27,0,3,3,2,4,'--','--','--',1,'--','--','--','--',1,0,0,0,0,'L','R',6/21/61,Jyväskylä,'--','FIN','FIN',72,194,1985,12,249,19851986,1985,'N',27,0,3,3
Steve Regier,'L',8/31/84,0,26,3,1,4,8,18,'8:06','3.8','--',4,'--','--','--','--',4,0,0,0,0,'L','L',8/31/84,Edmonton,'AB','CAN','CAN',76,194,2004,5,148,20052006,2005,'N',26,3,1,4
Andrei Bashkirov,'L',6/22/70,0,30,0,3,3,0,0,'9:39','0','--',0,'--','--','--','--',0,0,0,0,0,'L','L',6/22/70,Chelehov,'--','RUS','RUS',72,215,1998,5,132,19981999,1998,'N',30,0,3,3
Jiri Dopita,'C',12/2/68,1,73,12,21,33,19,15,'14:49','1.8','--',8,'--','--','--','--',7,1,0,0,0,'L','C',12/2/68,Sumperk,'--','CZE','CZE',76,222,1998,5,123,20012002,2001,'N',73,12,21,33
Robert Sullivan,'L',11/29/57,0,62,18,19,37,18,17,'--','--','--',9,'--','--','--','--',9,0,0,0,0,'L','L',11/29/57,Noranda,'QC','CAN','CAN',72,225,1978,11,180,19821983,1982,'N',62,18,19,37
Chris O'Sullivan,'D',5/15/74,0,62,2,17,19,16,15,'--','--','--',8,'--','--','--','--',8,0,0,0,0,'L','D',5/15/74,Dorchester,'MA','USA','USA',74,213,1992,2,30,19961997,1996,'N',62,2,17,19
Vladimir Krutov,'L',6/1/60,0,61,11,23,34,20,19,'--','--','--',10,'--','--','--','--',10,0,0,0,0,'L','L',6/1/60,Moscow,'--','RUS','RUS',69,195,1986,12,238,19891990,1989,'N',61,11,23,34
Thomas Forslund,'R',11/24/68,0,44,5,11,16,12,16,'--','--','--',6,'--','--','--','--',6,0,0,0,0,'L','R',11/24/68,Falun,'--','SWE','SWE',71,200,1988,5,85,19911992,1991,'N',44,5,11,16
Emanuel Viveiros,'D',1/8/66,0,29,1,11,12,6,12,'--','--','--',3,'--','--','--','--',3,0,0,0,0,'L','D',1/8/66,St. Albert,'AB','CAN','CAN',72,175,1984,6,106,19851986,1985,'N',29,1,11,12
Christoph Brandner,'L',5/7/75,0,35,4,5,9,8,13,'13:20','1.7','--',4,'--','--','--','--',4,0,0,0,0,'L','L',5/7/75,Bruck an der Mur,'--','AUT','AUT',76,224,2002,8,237,20032004,2003,'N',35,4,5,9
Miroslav Dvorak,'D',10/11/51,1,193,11,74,85,51,15,'--','--','--',24,'--','--','--','--',23,1,0,0,0,'R','D',10/11/51,Hluboka,'--','CZE','CZE',70,195,1982,3,46,19821983,1982,'N',193,11,74,85
Edward Courtenay,'R',2/2/68,0,44,7,13,20,10,13,'--','--','--',5,'--','--','--','--',5,0,0,0,0,'R','R',2/2/68,Montreal,'QC','CAN','CAN',76,216,NaN,NaN,NaN,19911992,1991,'N',44,7,13,20
Veli-Pekka Ketola,'C',3/28/48,0,44,9,5,14,4,5,'--','--','--',2,'--','--','--','--',2,0,0,0,0,'L','C',3/28/48,Pori,'--','FIN','FIN',75,220,NaN,NaN,NaN,19811982,1981,'N',44,9,5,14
Kelly Fairchild,'C',4/9/73,0,34,2,3,5,6,10,'--','--','--',3,'--','--','--','--',3,0,0,0,0,'L','C',4/9/73,Hibbing,'MN','USA','USA',71,198,1991,7,152,19951996,1995,'N',34,2,3,5
Kevin Roy,'C',5/20/93,0,28,6,1,7,6,12,'13:35','1.6','6',3,'3','0.95','0.47','0.47',3,0,0,0,0,'L','C',5/20/93,Greenfield Park,'QC','CAN','CAN',69,172,2012,4,97,20172018,2017,'N',28,6,1,7
Scott Barney,'C',3/27/79,0,27,5,6,11,4,8,'10:18','1.4','--',2,'--','--','--','--',2,0,0,0,0,'R','C',3/27/79,Oshawa,'ON','CAN','CAN',76,225,1997,2,29,20022003,2002,'N',27,5,6,11
Jeff Shevalier,'L',3/14/74,0,32,5,9,14,8,15,'--','--','--',4,'--','--','--','--',4,0,0,0,0,'L','L',3/14/74,Mississauga,'ON','CAN','CAN',71,178,1992,5,111,19941995,1994,'N',32,5,9,14
Alexandre Kharitonov,'R',3/30/76,0,71,7,15,22,12,10,'11:07','1.5','--',6,'--','--','--','--',6,0,0,0,0,'R','R',3/30/76,Moscow,'--','RUS','RUS',68,170,2000,3,81,20002001,2000,'N',71,7,15,22
Sergei Priakin,'L',12/7/63,0,46,3,8,11,2,2,'--','--','--',1,'--','--','--','--',1,0,0,0,0,'L','L',12/7/63,Moscow,'--','RUS','RUS',75,209,1988,12,252,19881989,1988,'N',46,3,8,11
Nikolai Prokhorkin,'L',9/17/93,0,43,4,10,14,6,8,'12:05','1.2','5',3,'2','0.58','0.35','0.23',3,0,0,0,0,'L','L',9/17/93,Chelyabinsk,'--','RUS','RUS',75,190,2012,4,121,20192020,2019,'N',43,4,10,14
Lucas Lessio,'L',1/23/93,0,41,3,4,7,12,17,'11:59','2.4','10',6,'4','1.22','0.73','0.49',6,0,0,0,0,'L','L',1/23/93,Maple,'ON','CAN','CAN',73,212,2011,2,56,20132014,2013,'N',41,3,4,7
David Emma,'C',1/14/69,0,34,5,6,11,2,3,'--','--','--',1,'--','--','--','--',1,0,0,0,0,'L','C',1/14/69,Cranston,'RI','USA','USA',70,187,1989,6,110,19921993,1992,'N',34,5,6,11
Greg Meredith,'R',2/23/58,0,38,6,4,10,8,12,'--','--','--',4,'--','--','--','--',4,0,0,0,0,'R','R',2/23/58,Toronto,'ON','CAN','CAN',72,209,1978,6,97,19801981,1980,'N',38,6,4,10
Rocky Trottier,'C',4/11/64,0,38,6,4,10,2,3,'--','--','--',1,'--','--','--','--',1,0,0,0,0,'R','C',4/11/64,Climax,'SK','CAN','CAN',70,182,1982,1,8,19831984,1983,'N',38,6,4,10
David Jensen,'C',8/19/65,1,69,9,13,22,22,19,'--','--','--',11,'--','--','--','--',11,0,0,0,0,'L','C',8/19/65,Newton,'MA','USA','USA',73,195,1983,1,20,19841985,1984,'N',69,9,13,22
Ron Anderson,'R',7/29/45,4,28,9,7,16,8,17,'--','--','--',4,'--','--','--','--',4,0,0,0,0,'R','R',7/29/45,Red Deer,'AB','CAN','CAN',72,170,NaN,NaN,NaN,19671968,1967,'N',251,28,30,58
Mathias Johansson,'C',2/22/74,0,58,5,10,15,16,16,'13:20','2.1','--',8,'--','--','--','--',8,0,0,0,0,'L','C',2/22/74,Oskarshamn,'--','SWE','SWE',73,200,1992,3,54,20022003,2002,'N',58,5,10,15
Dwayne Hay,'L',2/11/77,0,79,2,4,6,22,16,'7:35','3.7','--',11,'--','--','--','--',11,0,0,0,0,'L','L',2/11/77,London,'ON','CAN','CAN',73,219,1995,2,43,19971998,1997,'N',79,2,4,6
Brent Peterson,'L',2/15/58,12,56,9,1,10,6,6,'--','--','--',3,'--','--','--','--',3,0,0,0,0,'R','C',2/15/58,Calgary,'AB','CAN','CAN',72,190,1978,1,12,19781979,1978,'N',620,72,141,213
John Chabot,'C',5/18/62,0,508,84,228,312,85,10,'--','--','--',37,'--','--','--','--',35,1,0,1,0,'L','C',5/18/62,Summerside,'PE','CAN','CAN',74,200,1980,2,40,19831984,1983,'N',508,84,228,312
Ilkka Pikkarainen,'R',4/19/81,0,31,1,3,4,10,19,'8:08','4','2',5,'-3','0.48','1.19','-0.71',5,0,0,0,0,'R','R',4/19/81,Sonkajärvi,'--','FIN','FIN',74,215,2002,7,218,20092010,2009,'N',31,1,3,4
Nikita Alexeev,'R',12/27/81,0,159,20,17,37,28,10,'12:32','1.4','--',14,'--','--','--','--',14,0,0,0,0,'L','R',12/27/81,Murmansk,'--','RUS','RUS',78,227,2000,1,8,20012002,2001,'N',159,20,17,37
Alexei Tezikov,'D',6/22/78,0,30,1,1,2,2,4,'11:51','0.6','--',1,'--','--','--','--',1,0,0,0,0,'L','D',6/22/78,Togliatti,'--','RUS','RUS',73,200,1996,5,115,19981999,1998,'N',30,1,1,2
Robert Dome,'L',1/29/79,0,53,7,7,14,12,13,'10:27','2.2','--',2,'--','--','--','--',1,0,0,1,0,'L','L',1/29/79,Senica,'--','SVK','SVK',72,217,1997,1,17,19971998,1997,'N',53,7,7,14
Michael Dark,'D',9/17/63,0,43,5,6,11,14,19,'--','--','--',7,'--','--','--','--',7,0,0,0,0,'R','D',9/17/63,Sarnia,'ON','CAN','CAN',75,210,1982,6,124,19861987,1986,'N',43,5,6,11
Ken Solheim,'L',3/27/61,1,135,19,20,39,34,15,'--','--','--',14,'--','--','--','--',12,2,0,0,0,'L','L',3/27/61,Hythe,'AB','CAN','CAN',75,209,1980,2,30,19801981,1980,'N',135,19,20,39
Lars Molin,'L',5/7/56,2,172,33,65,98,37,12,'--','--','--',17,'--','--','--','--',16,1,0,0,0,'L','L',5/7/56,Ornskoldsvik,'--','SWE','SWE',71,176,NaN,NaN,NaN,19811982,1981,'N',172,33,65,98
Donald MacLean,'C',1/14/77,0,41,8,5,13,6,8,'11:17','1.3','--',3,'--','--','--','--',3,0,0,0,0,'L','C',1/14/77,Sydney,'NS','CAN','CAN',74,199,1995,2,33,19971998,1997,'N',41,8,5,13
Joe Hulbig,'L',9/29/73,0,55,4,4,8,16,17,'--','--','--',8,'--','--','--','--',8,0,0,0,0,'L','L',9/29/73,Norwood,'MA','USA','USA',76,215,1992,1,13,19961997,1996,'N',55,4,4,8
Mike Watt,'L',3/31/76,1,157,15,26,41,41,15,'11:27','2.3','--',19,'--','--','--','--',18,1,0,0,0,'L','L',3/31/76,Seaforth,'ON','CAN','CAN',74,210,1994,2,32,19971998,1997,'N',157,15,26,41
Lonny Bohonos,'R',5/20/73,0,83,19,16,35,22,15,'--','--','--',11,'--','--','--','--',11,0,0,0,0,'R','R',5/20/73,Winnipeg,'MB','CAN','CAN',71,200,NaN,NaN,NaN,19951996,1995,'N',83,19,16,35
Jack Hughes,'C',7/20/57,8,163,42,64,106,26,9,'18:03','0.9','50',9,'41','1.02','0.18','0.84',8,0,0,1,0,'R','D',7/20/57,Somerville,'MA','USA','USA',73,205,1977,9,142,19801981,1980,'N',46,2,5,7
Doug Sulliman,'L',8/29/59,7,631,160,168,328,175,16,'--','--','--',61,'--','--','--','--',50,7,0,2,2,'L','L',8/29/59,Glace Bay,'NS','CAN','CAN',74,209,1979,1,13,19791980,1979,'N',631,160,168,328
Jeff Daniels,'L',6/24/68,1,425,17,26,43,83,11,'--','--','--',36,'--','--','--','--',34,1,0,1,0,'L','L',6/24/68,Oshawa,'ON','CAN','CAN',73,200,1986,6,109,19901991,1990,'N',425,17,26,43
Mike Moller,'R',6/16/62,0,134,15,28,43,41,18,'--','--','--',19,'--','--','--','--',18,1,0,0,0,'R','R',6/16/62,Calgary,'AB','CAN','CAN',73,187,1980,2,41,19801981,1980,'N',134,15,28,43
David Latta,'L',1/3/67,0,36,4,8,12,4,6,'--','--','--',2,'--','--','--','--',2,0,0,0,0,'L','L',1/3/67,Thunder Bay,'ON','CAN','CAN',73,190,1985,1,15,19851986,1985,'N',36,4,8,12
Chris Mueller,'C',3/6/86,0,53,3,7,10,8,9,'9:43','1.6','6',4,'2','0.7','0.47','0.23',4,0,0,0,0,'R','C',3/6/86,West Seneca,'NY','USA','USA',70,201,NaN,NaN,NaN,20102011,2010,'N',53,3,7,10
Lew Morrison,'R',2/11/48,4,564,39,52,91,107,11,'--','--','--',45,'--','--','--','--',40,5,0,0,0,'R','R',2/11/48,Gainsborough,'SK','CAN','CAN',72,185,1968,1,8,19691970,1969,'N',564,39,52,91
Mike Sislo,'R',1/20/88,0,42,3,2,5,6,8,'11:11','1.3','2',3,'-1','0.26','0.38','-0.13',3,0,0,0,0,'R','R',1/20/88,Superior,'WI','USA','USA',71,190,NaN,NaN,NaN,20132014,2013,'N',42,3,2,5
Jonas Hoglund,'R',8/29/72,0,545,117,145,262,112,12,'--','--','--',56,'--','--','--','--',56,0,0,0,0,'R','R',8/29/72,Hammaro,'--','SWE','SWE',75,218,1992,10,222,19961997,1996,'N',545,117,145,262
Jan Erixon,'L',7/8/62,1,556,57,159,216,167,18,'--','--','--',75,'--','--','--','--',71,3,0,0,1,'L','L',7/8/62,Skellefteå,'--','SWE','SWE',72,196,1981,2,30,19831984,1983,'N',556,57,159,216
Grigori Panteleev,'L',11/17/72,0,54,8,6,14,12,13,'--','--','--',6,'--','--','--','--',6,0,0,0,0,'L','L',11/17/72,Gastello,'--','RUS','LVA',69,194,1992,6,136,19921993,1992,'N',54,8,6,14
Eric Daze,'L',7/2/75,0,601,226,172,398,176,17,'--','--','--',80,'--','--','--','--',78,0,0,1,1,'L','L',7/2/75,Montreal,'QC','CAN','CAN',78,235,1993,4,90,19941995,1994,'N',601,226,172,398
Patrick Rissmiller,'L',10/26/78,0,192,18,28,46,60,18,'12:04','2.6','--',30,'--','--','--','--',30,0,0,0,0,'L','L',10/26/78,Belmont,'MA','USA','USA',76,225,NaN,NaN,NaN,20032004,2003,'N',192,18,28,46
Sylvain Couturier,'C',4/23/68,0,33,4,5,9,4,7,'--','--','--',2,'--','--','--','--',2,0,0,0,0,'L','C',4/23/68,Greenfield Park,'QC','CAN','CAN',74,205,1986,4,65,19881989,1988,'N',33,4,5,9
Rick Kehoe,'R',7/15/51,0,906,371,396,767,120,7,'--','--','--',56,'--','--','--','--',55,0,0,0,1,'R','R',7/15/51,Windsor,'ON','CAN','CAN',71,180,1971,2,22,19711972,1971,'N',906,371,396,767
Vladimir Tsyplakov,'L',4/18/69,0,331,69,101,170,90,16,'--','--','--',45,'--','--','--','--',45,0,0,0,0,'L','L',4/18/69,Moscow,'--','RUS','BLR',73,210,1995,3,59,19951996,1995,'N',331,69,101,170
Chris Nielsen,'R',2/16/80,0,52,6,8,14,8,9,'10:37','1.5','--',4,'--','--','--','--',4,0,0,0,0,'R','R',2/16/80,Moshi,'--','TZA','CAN',74,214,1998,2,36,20002001,2000,'N',52,6,8,14
Ryan Hamilton,'L',4/15/85,0,30,1,4,5,8,16,'12:12','2.2','2',4,'-2','0.33','0.66','-0.33',4,0,0,0,0,'L','L',4/15/85,Oshawa,'ON','CAN','CAN',74,219,NaN,NaN,NaN,20112012,2011,'N',30,1,4,5
Brandon Smith,'D',2/25/73,0,33,3,4,7,10,18,'15:58','1.9','--',5,'--','--','--','--',5,0,0,0,0,'L','D',2/25/73,Hazelton,'BC','CAN','CAN',73,200,NaN,NaN,NaN,19981999,1998,'N',33,3,4,7
Arto Blomsten,'D',3/16/65,0,25,0,4,4,8,19,'--','--','--',4,'--','--','--','--',4,0,0,0,0,'L','D',3/16/65,Vaasa,'--','FIN','SWE',75,198,1986,12,239,19931994,1993,'N',25,0,4,4
Ivan Hlinka,'C',1/26/50,0,137,42,81,123,28,12,'--','--','--',14,'--','--','--','--',14,0,0,0,0,'L','C',1/26/50,Most,'--','CZE','CZE',74,220,NaN,NaN,NaN,19811982,1981,'N',137,42,81,123
Frank Spring,'R',10/19/49,0,61,14,20,34,12,11,'--','--','--',6,'--','--','--','--',6,0,0,0,0,'R','R',10/19/49,Cranbrook,'BC','CAN','CAN',75,216,1969,1,4,19691970,1969,'N',61,14,20,34
Matt Taormina,'D',10/20/86,0,59,4,8,12,6,6,'17:13','0.6','8',3,'5','0.47','0.18','0.3',3,0,0,0,0,'L','D',10/20/86,Warren,'MI','USA','USA',70,188,NaN,NaN,NaN,20102011,2010,'N',59,4,8,12
Lyle Phair,'D',3/8/61,0,48,6,7,13,12,15,'--','--','--',6,'--','--','--','--',6,0,0,0,0,'L','D',3/8/61,Pilot Mound,'MB','CAN','CAN',72,189,NaN,NaN,NaN,19851986,1985,'N',48,6,7,13
Rick Shinske,'C',5/31/55,0,63,5,16,21,10,9,'--','--','--',5,'--','--','--','--',5,0,0,0,0,'L','C',5/31/55,Weyburn,'SK','CAN','CAN',70,165,1975,7,111,19761977,1976,'N',63,5,16,21
Drew Callander,'R',8/17/56,1,39,6,2,8,7,10,'--','--','--',2,'--','--','--','--',1,1,0,0,0,'R','R',8/17/56,Regina,'SK','CAN','CAN',74,185,1976,2,35,19761977,1976,'N',39,6,2,8
Dwight King,'L',7/5/89,6,365,53,56,109,98,16,'14:18','1.9','31',41,'-10','0.36','0.47','-0.11',37,4,0,0,0,'L','L',7/5/89,Meadow Lake,'SK','CAN','CAN',76,229,2007,4,109,20102011,2010,'N',365,53,56,109
Andy Brickley,'L',8/9/61,1,385,82,140,222,81,12,'--','--','--',39,'--','--','--','--',38,1,0,0,0,'L','L',8/9/61,Melrose,'MA','USA','USA',71,200,1980,10,210,19821983,1982,'N',385,82,140,222
Patric Kjellberg,'L',6/17/69,0,394,64,96,160,84,12,'--','--','--',42,'--','--','--','--',42,0,0,0,0,'L','L',6/17/69,Trelleborg,'--','SWE','SWE',75,210,1988,4,83,19921993,1992,'N',394,64,96,160
Pat MacLeod,'D',6/15/69,0,53,5,13,18,14,15,'--','--','--',7,'--','--','--','--',7,0,0,0,0,'L','D',6/15/69,Melfort,'SK','CAN','CAN',71,190,1989,5,87,19901991,1990,'N',53,5,13,18
Peter Douris,'R',2/19/66,5,321,54,67,121,80,14,'--','--','--',34,'--','--','--','--',30,4,0,0,0,'R','R',2/19/66,Toronto,'ON','CAN','CAN',73,195,1984,2,30,19851986,1985,'N',321,54,67,121
James Black,'L',8/15/69,0,352,58,57,115,84,14,'--','--','--',38,'--','--','--','--',37,0,0,1,0,'L','L',8/15/69,Regina,'SK','CAN','CAN',71,210,1989,5,94,19891990,1989,'N',352,58,57,115
John Anderson,'R',3/28/57,3,814,282,349,631,261,19,'--','--','--',114,'--','--','--','--',108,3,0,3,0,'L','R',3/28/57,Toronto,'ON','CAN','CAN',71,200,1977,1,11,19771978,1977,'N',814,282,349,631
Don Spring,'D',6/16/59,0,259,1,54,55,80,18,'--','--','--',37,'--','--','--','--',35,2,0,0,0,'L','D',6/16/59,Maracaibo,'--','VEN','CAN',70,194,NaN,NaN,NaN,19801981,1980,'N',259,1,54,55
Brad Schlegel,'D',7/22/68,0,48,1,8,9,10,12,'--','--','--',5,'--','--','--','--',5,0,0,0,0,'R','D',7/22/68,Kitchener,'ON','CAN','CAN',70,188,1988,7,144,19911992,1991,'N',48,1,8,9
Jeff Heerema,'R',1/17/80,0,32,4,2,6,6,11,'9:56','1.9','--',3,'--','--','--','--',3,0,0,0,0,'R','R',1/17/80,Thunder Bay,'ON','CAN','CAN',74,212,1998,1,11,20022003,2002,'N',32,4,2,6
Jamie Leach,'R',8/25/69,0,81,11,9,20,12,8,'--','--','--',6,'--','--','--','--',6,0,0,0,0,'R','R',8/25/69,Philadelphia,'PA','USA','USA',73,205,1987,3,47,19891990,1989,'N',81,11,9,20
Michael McNeil,'R',7/22/66,0,63,5,11,16,18,17,'--','--','--',9,'--','--','--','--',9,0,0,0,0,'L','R',7/22/66,Winona,'MN','USA','USA',73,195,NaN,NaN,NaN,19901991,1990,'N',63,5,11,16
Jesse Belanger,'C',6/15/69,0,246,59,76,135,56,13,'--','--','--',27,'--','--','--','--',27,0,0,0,0,'R','C',6/15/69,St-Georges De Beauce,'QC','CAN','CAN',73,190,NaN,NaN,NaN,19911992,1991,'N',246,59,76,135
Jack Brownschidle,'D',10/2/55,2,494,39,162,201,151,18,'--','--','--',71,'--','--','--','--',68,3,0,0,0,'L','D',10/2/55,Buffalo,'NY','USA','USA',74,195,1975,6,99,19771978,1977,'N',494,39,162,201
Rob Valicevic,'R',1/6/71,0,193,28,20,48,61,18,'13:03','2.4','--',29,'--','--','--','--',28,1,0,0,0,'R','R',1/6/71,Detroit,'MI','USA','USA',74,208,1991,6,114,19981999,1998,'N',193,28,20,48
Radoslav Suchy,'D',4/7/76,0,451,13,58,71,104,13,'17:52','1.3','--',52,'--','--','--','--',52,0,0,0,0,'L','D',4/7/76,Kezmarok,'--','SVK','SVK',74,201,NaN,NaN,NaN,19992000,1999,'N',451,13,58,71
Peter Ratchuk,'D',9/10/77,0,32,1,1,2,10,18,'13:43','2.3','--',5,'--','--','--','--',5,0,0,0,0,'L','D',9/10/77,Buffalo,'NY','USA','USA',72,175,1996,1,25,19981999,1998,'N',32,1,1,2
Brett Carson,'D',11/29/85,0,90,2,11,13,20,13,'15:10','1.5','--',10,'--','--','--','--',10,0,0,0,0,'R','D',11/29/85,Regina,'SK','CAN','CAN',76,210,2004,4,109,20082009,2008,'N',90,2,11,13
Evgeny Grachev,'C',2/21/90,0,34,1,3,4,2,3,'8:57','0.7','4',1,'3','0.79','0.2','0.59',1,0,0,0,0,'R','C',2/21/90,Khabarovsk,'--','RUS','RUS',76,225,2008,3,75,20102011,2010,'N',34,1,3,4
Marko Kiprusoff,'D',6/6/72,0,51,0,10,10,12,14,'--','--','--',6,'--','--','--','--',6,0,0,0,0,'R','D',6/6/72,Turku,'--','FIN','FIN',72,194,1994,3,70,19951996,1995,'N',51,0,10,10
Mike Sullivan,'C',2/27/68,1,709,54,82,136,203,17,'--','--','--',100,'--','--','--','--',99,1,0,0,0,'L','C',2/27/68,Marshfield,'MA','USA','USA',74,211,1987,4,69,19911992,1991,'N',709,54,82,136
Jean-Marc Lanthier,'R',3/27/63,0,105,16,16,32,29,16,'--','--','--',13,'--','--','--','--',12,1,0,0,0,'R','R',3/27/63,Montreal,'QC','CAN','CAN',74,195,1981,3,52,19831984,1983,'N',105,16,16,32
James Masters,'D',4/14/55,0,33,1,13,14,2,3,'--','--','--',1,'--','--','--','--',1,0,0,0,0,'R','D',4/14/55,Toronto,'ON','CAN','CAN',73,187,1975,2,36,19751976,1975,'N',33,1,13,14
Greg Hubick,'D',11/12/51,0,77,6,9,15,10,7,'--','--','--',5,'--','--','--','--',5,0,0,0,0,'L','D',11/12/51,Strasbourg,'SK','CAN','CAN',71,185,1971,4,53,19751976,1975,'N',77,6,9,15
Tommy Vestlund,'L',12/29/74,3,203,9,13,22,48,14,'9:58','2.4','--',21,'--','--','--','--',19,2,0,0,0,'R','L',12/29/74,Fors,'--','SWE','SWE',72,202,1998,4,93,19992000,1999,'N',203,9,13,22
Ken Hodge Jr.,'C',4/13/66,0,142,39,48,87,32,13,'--','--','--',16,'--','--','--','--',16,0,0,0,0,'L','C',4/13/66,Windsor,'ON','CAN','CAN',73,200,1984,3,46,19881989,1988,'N',142,39,48,87
Petr Schastlivy,'L',4/18/79,0,129,18,22,40,30,13,'11:17','2.1','--',15,'--','--','--','--',15,0,0,0,0,'L','L',4/18/79,Yaroslavl,'--','RUS','RUS',73,204,1998,4,101,19992000,1999,'N',129,18,22,40
Chris Felix,'D',5/27/64,0,35,1,12,13,10,17,'--','--','--',5,'--','--','--','--',5,0,0,0,0,'R','D',5/27/64,Toronto,'ON','CAN','CAN',71,190,NaN,NaN,NaN,19881989,1988,'N',35,1,12,13
Eric Chouinard,'C',7/8/80,0,90,11,11,22,16,10,'10:49','1.6','--',8,'--','--','--','--',8,0,0,0,0,'L','C',7/8/80,Atlanta,'GA','USA','CAN',75,215,1998,1,16,20002001,2000,'N',90,11,11,22
Jaroslav Bednar,'C',11/9/76,0,102,10,25,35,30,17,'12:56','2.3','--',15,'--','--','--','--',15,0,0,0,0,'R','C',11/9/76,Prague,'--','CZE','CZE',72,198,2001,2,51,20012002,2001,'N',102,10,25,35
Raimo Summanen,'R',3/2/62,1,151,36,40,76,35,13,'--','--','--',16,'--','--','--','--',15,1,0,0,0,'L','R',3/2/62,Jyväskylä,'--','FIN','FIN',71,196,1982,6,125,19831984,1983,'N',151,36,40,76
Bruce Affleck,'D',5/5/54,2,280,14,66,80,86,18,'--','--','--',40,'--','--','--','--',38,2,0,0,0,'L','D',5/5/54,Salmon Arm,'BC','CAN','CAN',72,190,1974,2,21,19741975,1974,'N',280,14,66,80
Janne Ojanen,'C',4/9/68,0,98,21,23,44,28,17,'--','--','--',14,'--','--','--','--',14,0,0,0,0,'L','C',4/9/68,Tampere,'--','FIN','FIN',74,200,1986,3,45,19881989,1988,'N',98,21,23,44
Spencer Machacek,'R',10/14/88,1,25,2,7,9,7,16,'7:37','3.7','--',2,'--','--','--','--',1,1,0,0,0,'R','R',10/14/88,Lethbridge,'AB','CAN','CAN',73,200,2007,3,67,20082009,2008,'N',25,2,7,9
Steve Rucchin,'C',7/4/71,1,735,171,318,489,164,13,'--','--','--',74,'--','--','--','--',71,2,0,0,1,'L','C',7/4/71,Thunder Bay,'ON','CAN','CAN',74,210,NaN,NaN,NaN,19941995,1994,'N',735,171,318,489
Mathieu Darche,'L',11/26/76,0,250,30,42,72,58,13,'12:09','1.9','--',27,'--','--','--','--',27,0,0,0,0,'L','L',11/26/76,Montreal,'QC','CAN','CAN',73,215,NaN,NaN,NaN,20002001,2000,'N',250,30,42,72
Jozef Stumpel,'L',7/20/72,1,957,196,481,677,245,15,'--','--','--',117,'--','--','--','--',115,1,0,1,0,'R','L',7/20/72,Nitra,'--','SVK','SVK',75,222,1991,2,40,19911992,1991,'N',957,196,481,677
Jim McElmury,'D',10/3/49,1,180,14,47,61,49,16,'--','--','--',23,'--','--','--','--',22,1,0,0,0,'L','D',10/3/49,St. Paul,'MN','USA','USA',73,190,NaN,NaN,NaN,19721973,1972,'N',180,14,47,61
Viktor Kozlov,'C',2/14/75,0,897,198,339,537,248,16,'--','--','--',119,'--','--','--','--',118,0,0,1,0,'R','C',2/14/75,Togliatti,'--','RUS','RUS',76,232,1993,1,6,19941995,1994,'N',897,198,339,537
John Smrke,'L',2/25/56,3,103,11,17,28,33,19,'--','--','--',12,'--','--','--','--',9,3,0,0,0,'--','L',2/25/56,Chicoutimi,'QC','CAN','CAN',70,189,1976,2,25,19771978,1977,'N',103,11,17,28
Paul Ranheim,'L',1/25/66,2,1013,161,199,360,288,17,'--','--','--',126,'--','--','--','--',119,4,0,1,2,'R','L',1/25/66,St. Louis,'MO','USA','USA',73,210,1984,2,38,19881989,1988,'N',1013,161,199,360
Sami Salo,'D',9/2/74,0,878,99,240,339,286,19,'20:51','1.6','--',142,'--','--','--','--',142,0,0,0,0,'R','D',9/2/74,Turku,'--','FIN','FIN',75,215,1996,9,239,19981999,1998,'N',878,99,240,339
Rob Globke,'R',10/24/82,0,46,1,1,2,8,10,'6:52','2.5','--',4,'--','--','--','--',4,0,0,0,0,'R','R',10/24/82,Farmington,'MI','USA','USA',74,208,2002,2,40,20052006,2005,'N',46,1,1,2
Eric Houde,'C',12/19/76,0,30,2,3,5,4,8,'--','--','--',2,'--','--','--','--',2,0,0,0,0,'L','C',12/19/76,Montreal,'QC','CAN','CAN',71,190,1995,9,216,19961997,1996,'N',30,2,3,5
Julian Melchiori,'D',12/6/91,0,30,0,2,2,8,16,'16:17','1.6','3',4,'-1','0.37','0.49','-0.12',4,0,0,0,0,'L','D',12/6/91,Richmond Hill,'ON','CAN','CAN',77,222,2010,3,87,20132014,2013,'N',30,0,2,2
Mikko Makela,'R',2/28/65,0,423,118,147,265,139,19,'--','--','--',60,'--','--','--','--',57,1,0,1,1,'L','R',2/28/65,Tampere,'--','FIN','FIN',73,194,1983,4,65,19851986,1985,'N',423,118,147,265
Zdeno Ciger,'L',10/19/69,0,352,94,134,228,101,17,'--','--','--',41,'--','--','--','--',38,1,1,0,1,'L','L',10/19/69,Martin,'--','SVK','SVK',73,190,1988,3,54,19901991,1990,'N',352,94,134,228
Dwight Bialowas,'D',9/8/52,0,164,11,46,57,46,16,'--','--','--',23,'--','--','--','--',23,0,0,0,0,'R','D',9/8/52,Regina,'SK','CAN','CAN',72,185,1972,2,18,19731974,1973,'N',164,11,46,57
Blair Atcheynum,'R',4/20/69,0,196,27,33,60,36,11,'--','--','--',14,'--','--','--','--',13,0,0,1,0,'R','R',4/20/69,Estevan,'SK','CAN','CAN',74,203,1989,3,52,19921993,1992,'N',196,27,33,60
Johan Witehall,'L',1/7/72,0,54,2,5,7,16,17,'9:12','3.2','--',8,'--','--','--','--',8,0,0,0,0,'L','L',1/7/72,Gothenburg,'--','SWE','SWE',73,198,1998,8,207,19981999,1998,'N',54,2,5,7
Jack Valiquette,'C',3/18/56,5,350,84,134,218,79,13,'--','--','--',32,'--','--','--','--',27,5,0,0,0,'L','C',3/18/56,St. Thomas,'ON','CAN','CAN',74,195,1974,1,13,19741975,1974,'N',350,84,134,218
Bobby Allen,'D',11/14/78,0,51,0,3,3,12,14,'11:40','2','--',6,'--','--','--','--',6,0,0,0,0,'L','D',11/14/78,Weymouth,'MA','USA','USA',72,201,1998,2,52,20022003,2002,'N',51,0,3,3
Andrew Brunette,'L',8/24/73,0,1110,268,465,733,314,16,'--','--','--',157,'--','--','--','--',157,0,0,0,0,'L','L',8/24/73,Sudbury,'ON','CAN','CAN',73,215,1993,7,174,19951996,1995,'N',1110,268,465,733
Tomas Plihal,'C',3/28/83,0,89,7,9,16,26,17,'10:17','2.8','--',13,'--','--','--','--',13,0,0,0,0,'L','C',3/28/83,Frydlant,'--','CZE','CZE',73,210,2001,5,140,20062007,2006,'N',89,7,9,16
Peter White,'C',3/15/69,0,220,23,37,60,36,9,'--','--','--',18,'--','--','--','--',18,0,0,0,0,'L','C',3/15/69,Montreal,'QC','CAN','CAN',71,200,1989,5,92,19931994,1993,'N',220,23,37,60
Jiri Latal,'D',2/2/67,0,92,12,36,48,24,15,'--','--','--',12,'--','--','--','--',12,0,0,0,0,'L','D',2/2/67,Olomouc,'--','CZE','CZE',72,190,1985,6,106,19891990,1989,'N',92,12,36,48
David Saunders,'L',5/20/66,0,56,7,13,20,10,10,'--','--','--',5,'--','--','--','--',5,0,0,0,0,'L','L',5/20/66,Ottawa,'ON','CAN','CAN',72,194,1984,3,52,19871988,1987,'N',56,7,13,20
Jeff Toms,'L',6/4/74,1,236,22,33,55,59,15,'--','--','--',24,'--','--','--','--',22,1,0,1,0,'L','L',6/4/74,Swift Current,'SK','CAN','CAN',77,210,1992,9,210,19951996,1995,'N',236,22,33,55
Joonas Kemppainen,'C',4/7/88,0,44,2,3,5,4,5,'12:32','0.7','0',2,'-2','0','0.22','-0.22',2,0,0,0,0,'L','C',4/7/88,Kajaani,'--','FIN','FIN',75,223,NaN,NaN,NaN,20152016,2015,'N',44,2,3,5
Dakota Mermis,'D',1/5/94,0,25,1,3,4,4,9,'15:10','1.1','0',2,'-2','0','0.32','-0.32',2,0,0,0,0,'L','D',1/5/94,Alton,'IL','USA','USA',72,195,NaN,NaN,NaN,20172018,2017,'N',25,1,3,4
Christian Wolanin,'D',3/17/95,0,70,6,14,20,16,13,'15:34','1.5','3',8,'-5','0.17','0.44','-0.28',8,0,0,0,0,'L','D',3/17/95,Quebec City,'QC','CAN','CAN',74,190,2015,4,107,20172018,2017,'N',70,6,14,20
Craig Darby,'C',9/26/72,0,196,21,35,56,32,9,'--','--','--',16,'--','--','--','--',16,0,0,0,0,'R','C',9/26/72,Oneida,'NY','USA','USA',75,205,1991,2,43,19941995,1994,'N',196,21,35,56
Denis Dupere,'L',6/21/48,0,421,80,99,179,66,9,'--','--','--',27,'--','--','--','--',26,0,0,0,1,'L','L',6/21/48,Jonquiere,'QC','CAN','CAN',73,200,NaN,NaN,NaN,19701971,1970,'N',421,80,99,179
Brian McReynolds,'C',1/5/65,0,30,1,5,6,8,16,'--','--','--',4,'--','--','--','--',4,0,0,0,0,'L','C',1/5/65,Penetanguishene,'ON','CAN','CAN',73,192,1985,6,112,19891990,1989,'N',30,1,5,6
Michel Mongeau,'C',2/9/65,0,54,6,19,25,10,11,'--','--','--',5,'--','--','--','--',5,0,0,0,0,'L','C',2/9/65,Montreal,'QC','CAN','CAN',69,190,NaN,NaN,NaN,19891990,1989,'N',54,6,19,25
Jeff Nielsen,'R',9/20/71,2,252,20,27,47,70,16,'--','--','--',32,'--','--','--','--',30,2,0,0,0,'R','R',9/20/71,Grand Rapids,'MN','USA','USA',72,200,1990,4,69,19961997,1996,'N',252,20,27,47
Steve Tuttle,'R',1/5/66,0,144,28,28,56,12,5,'--','--','--',6,'--','--','--','--',6,0,0,0,0,'R','R',1/5/66,Vancouver,'BC','CAN','CAN',73,197,1984,6,113,19881989,1988,'N',144,28,28,56
Milan Kraft,'C',1/17/80,0,207,41,41,82,52,15,'13:25','1.9','--',26,'--','--','--','--',26,0,0,0,0,'R','C',1/17/80,Plzen,'--','CZE','CZE',76,212,1998,1,23,20002001,2000,'N',207,41,41,82
Jani Rita,'L',7/25/81,0,66,9,5,14,10,9,'8:42','1.7','--',5,'--','--','--','--',5,0,0,0,0,'R','L',7/25/81,Helsinki,'--','FIN','FIN',73,206,1999,1,13,20012002,2001,'N',66,9,5,14
Mark Cullen,'C',10/28/78,0,38,7,10,17,4,6,'11:51','0.9','--',2,'--','--','--','--',2,0,0,0,0,'L','C',10/28/78,Moorhead,'MN','USA','USA',71,182,NaN,NaN,NaN,20052006,2005,'N',38,7,10,17
Frederik Gauthier,'C',4/26/95,1,178,13,18,31,47,15,'9:12','2.9','16',18,'-2','0.59','0.66','-0.07',16,1,0,0,1,'L','C',4/26/95,Laval,'QC','CAN','CAN',77,239,2013,1,21,20152016,2015,'N',178,13,18,31
Bill Watson,'R',3/30/64,0,115,23,36,59,12,6,'--','--','--',6,'--','--','--','--',6,0,0,0,0,'L','R',3/30/64,Pine Falls,'MB','CAN','CAN',73,194,1982,4,70,19851986,1985,'N',115,23,36,59
Mikko Lehtonen,'D',6/12/78,0,26,0,6,6,8,18,'15:52','1.9','2',4,'-2','0.29','0.58','-0.29',4,0,0,0,0,'L','D',6/12/78,Oulu,'--','FIN','FIN',73,194,2001,9,271,20062007,2006,'N',15,1,2,3
Rob Whistle,'D',4/30/61,0,51,7,5,12,16,18,'--','--','--',8,'--','--','--','--',8,0,0,0,0,'R','D',4/30/61,Thunder Bay,'ON','CAN','CAN',74,185,NaN,NaN,NaN,19851986,1985,'N',51,7,5,12
Craig Janney,'C',9/26/67,2,760,188,563,751,170,13,'--','--','--',72,'--','--','--','--',69,0,0,3,0,'L','C',9/26/67,Hartford,'CT','USA','USA',73,200,1986,1,13,19871988,1987,'N',760,188,563,751
Nick Palmieri,'R',7/12/89,0,87,13,12,25,20,13,'12:30','1.8','8',10,'-2','0.44','0.55','-0.11',10,0,0,0,0,'R','R',7/12/89,Utica,'NY','USA','USA',75,220,2007,3,79,20092010,2009,'N',87,13,12,25
Andrew Murray,'C',11/6/81,0,221,24,16,40,36,9,'10:31','1.6','--',18,'--','--','--','--',18,0,0,0,0,'L','C',11/6/81,Selkirk,'MB','CAN','CAN',74,210,2001,8,242,20072008,2007,'N',221,24,16,40
Hudson Fasching,'R',7/28/95,0,35,1,2,3,8,13,'10:00','2.3','3',4,'-1','0.51','0.69','-0.17',4,0,0,0,0,'R','R',7/28/95,Milwaukee,'WI','USA','USA',75,204,2013,4,118,20152016,2015,'N',35,1,2,3
Shawn Matthias,'L',2/19/88,7,551,90,84,174,180,19,'12:54','2.5','--',77,'--','--','--','--',70,6,0,1,0,'L','L',2/19/88,Mississauga,'ON','CAN','CAN',76,231,2006,2,47,20072008,2007,'N',551,90,84,174
Sergei Nemchinov,'L',1/14/64,1,761,152,193,345,251,19,'--','--','--',120,'--','--','--','--',118,1,0,1,0,'L','L',1/14/64,Moscow,'--','RUS','RUS',73,205,1990,12,244,19911992,1991,'N',761,152,193,345
Alain Lemieux,'C',5/24/61,0,119,28,44,72,38,19,'--','--','--',19,'--','--','--','--',19,0,0,0,0,'L','C',5/24/61,Montreal,'QC','CAN','CAN',72,185,1980,5,96,19811982,1981,'N',119,28,44,72
Jim Roberts,'R',6/8/56,0,106,17,23,40,33,18,'--','--','--',15,'--','--','--','--',14,1,0,0,0,'L','R',6/8/56,Toronto,'ON','CAN','CAN',72,194,1976,2,31,19761977,1976,'N',106,17,23,40
Hannu Virta,'D',3/22/63,0,245,25,101,126,66,16,'--','--','--',33,'--','--','--','--',33,0,0,0,0,'L','D',3/22/63,Turku,'--','FIN','FIN',71,180,1981,2,38,19811982,1981,'N',245,25,101,126
Rob Scuderi,'D',12/30/78,1,783,8,102,110,198,15,'19:20','1.3','--',96,'--','--','--','--',94,2,0,0,0,'L','D',12/30/78,Syosset,'NY','USA','USA',73,216,1998,5,134,20032004,2003,'N',783,8,102,110
Mark Popovic,'D',10/11/82,0,81,2,5,7,20,14,'14:09','1.7','--',10,'--','--','--','--',10,0,0,0,0,'L','D',10/11/82,Stoney Creek,'ON','CAN','CAN',73,205,2001,2,35,20032004,2003,'N',81,2,5,7
Dale Craigwell,'C',4/24/71,0,98,11,18,29,28,17,'--','--','--',14,'--','--','--','--',14,0,0,0,0,'L','C',4/24/71,Toronto,'ON','CAN','CAN',71,195,1991,10,199,19911992,1991,'N',98,11,18,29
Nikita Nikitin,'D',6/16/86,1,259,17,59,76,85,19,'19:20','1.7','41',41,'0','0.49','0.49','0',40,1,0,0,0,'L','D',6/16/86,Omsk,'--','RUS','RUS',76,217,2004,5,136,20102011,2010,'N',259,17,59,76
Ron Lalonde,'C',10/30/52,2,397,45,78,123,106,16,'--','--','--',50,'--','--','--','--',48,2,0,0,0,'L','C',10/30/52,Toronto,'ON','CAN','CAN',70,170,1972,4,56,19721973,1972,'N',397,45,78,123
John Gould,'R',4/11/49,2,504,131,138,269,113,13,'--','--','--',52,'--','--','--','--',49,3,0,0,0,'L','R',4/11/49,Beeton,'ON','CAN','CAN',71,197,NaN,NaN,NaN,19711972,1971,'N',504,131,138,269
Petteri Nummelin,'D',11/25/72,0,139,9,36,45,34,14,'17:58','1.4','--',17,'--','--','--','--',17,0,0,0,0,'L','D',11/25/72,Turku,'--','FIN','FIN',70,188,2000,5,133,20002001,2000,'N',139,9,36,45
Andrew Campbell,'D',2/4/88,0,42,0,2,2,12,17,'16:20','1.8','5',6,'-1','0.44','0.52','-0.09',6,0,0,0,0,'L','D',2/4/88,Caledonia,'ON','CAN','CAN',76,205,2008,3,74,20132014,2013,'N',42,0,2,2
Craig Ferguson,'C',4/8/70,0,27,1,1,2,6,13,'--','--','--',3,'--','--','--','--',3,0,0,0,0,'L','C',4/8/70,Castro Valley,'CA','USA','USA',71,190,1989,7,146,19931994,1993,'N',27,1,1,2
Matt Ellis,'L',8/31/81,1,356,21,28,49,89,15,'8:47','2.9','--',39,'--','--','--','--',37,1,0,1,0,'L','L',8/31/81,Welland,'ON','CAN','CAN',72,208,NaN,NaN,NaN,20062007,2006,'N',356,21,28,49
Wally Schreiber,'R',4/15/62,0,41,8,10,18,12,17,'--','--','--',6,'--','--','--','--',6,0,0,0,0,'R','R',4/15/62,Edmonton,'AB','CAN','CAN',70,176,1982,8,152,19871988,1987,'N',41,8,10,18
Ray Sheppard,'R',5/27/66,6,817,357,300,657,212,15,'--','--','--',85,'--','--','--','--',76,6,0,1,2,'R','R',5/27/66,Pembroke,'ON','CAN','CAN',73,195,1984,3,60,19871988,1987,'N',817,357,300,657
John Madden,'C',5/4/73,1,898,165,183,348,219,14,'16:27','1.5','--',108,'--','--','--','--',107,1,0,0,0,'L','C',5/4/73,Toronto,'ON','CAN','CAN',71,190,NaN,NaN,NaN,19981999,1998,'N',898,165,183,348
Peter McNab,'C',5/8/52,3,955,363,450,813,179,11,'--','--','--',77,'--','--','--','--',72,3,0,0,2,'L','C',5/8/52,Vancouver,'BC','CAN','CAN',75,205,1972,6,85,19731974,1973,'N',955,363,450,813
Warren Holmes,'C',2/18/57,1,45,8,18,26,7,9,'--','--','--',2,'--','--','--','--',1,1,0,0,0,'L','C',2/18/57,Beeton,'ON','CAN','CAN',73,195,1977,5,85,19811982,1981,'N',45,8,18,26
Tom Gorence,'R',3/11/57,4,303,58,53,111,89,17,'--','--','--',32,'--','--','--','--',27,3,0,2,0,'R','R',3/11/57,St. Paul,'MN','USA','USA',72,190,1977,2,35,19781979,1978,'N',303,58,53,111
Jakub Nakladal,'D',12/30/87,0,30,2,3,5,6,12,'14:13','1.4','5',3,'2','0.7','0.42','0.28',3,0,0,0,0,'R','D',12/30/87,Hradec Králové,'--','CZE','CZE',74,212,NaN,NaN,NaN,20152016,2015,'N',30,2,3,5
Paul Lawless,'L',7/2/64,0,239,49,77,126,54,13,'--','--','--',27,'--','--','--','--',27,0,0,0,0,'L','L',7/2/64,Scarborough,'ON','CAN','CAN',71,185,1982,1,14,19821983,1982,'N',239,49,77,126
Richard David,'L',4/8/58,0,31,4,4,8,10,19,'--','--','--',5,'--','--','--','--',5,0,0,0,0,'L','L',4/8/58,Notre-Dame-de-la-Salette,'QC','CAN','CAN',72,195,1978,3,42,19791980,1979,'N',31,4,4,8
Tom Preissing,'D',12/3/78,0,326,31,101,132,78,14,'17:45','1.4','--',39,'--','--','--','--',39,0,0,0,0,'R','D',12/3/78,Arlington Heights,'IL','USA','USA',72,197,NaN,NaN,NaN,20032004,2003,'N',326,31,101,132
Bengt-Ake Gustafsson,'L',3/23/58,3,629,195,359,554,196,18,'--','--','--',80,'--','--','--','--',73,4,0,3,0,'L','L',3/23/58,Karlskoga,'--','SWE','SWE',72,190,1978,4,55,19791980,1979,'N',629,195,359,554
Jonny Brodzinski,'C',6/19/93,0,78,8,7,15,22,16,'10:07','2.8','7',11,'-4','0.53','0.84','-0.3',11,0,0,0,0,'R','C',6/19/93,Ham Lake,'MN','USA','USA',73,211,2013,5,148,20162017,2016,'N',78,8,7,15
Rob Klinkhammer,'L',8/12/86,2,193,22,21,43,64,19,'11:16','2.9','49',28,'21','1.35','0.77','0.58',26,2,0,0,0,'L','L',8/12/86,Lethbridge,'AB','CAN','CAN',75,214,NaN,NaN,NaN,20102011,2010,'N',193,22,21,43
Harold Druken,'C',1/26/79,0,146,27,36,63,36,14,'11:11','2.2','--',18,'--','--','--','--',18,0,0,0,0,'L','C',1/26/79,St. John's,'NL','CAN','CAN',72,205,1997,2,36,19992000,1999,'N',146,27,36,63
Dylan Olsen,'D',1/3/91,0,124,5,17,22,36,17,'14:56','1.9','13',18,'-5','0.42','0.58','-0.16',18,0,0,0,0,'L','D',1/3/91,Salt Lake City,'UT','USA','USA',74,223,2009,1,28,20112012,2011,'N',124,5,17,22
Sergei Berezin,'L',11/5/71,0,502,160,126,286,54,6,'--','--','--',27,'--','--','--','--',27,0,0,0,0,'R','L',11/5/71,Voskresensk,'--','RUS','RUS',70,196,1994,10,256,19961997,1996,'N',502,160,126,286
Andreas Karlsson,'C',8/19/75,0,264,16,35,51,72,16,'11:14','2.4','--',36,'--','--','--','--',36,0,0,0,0,'L','C',8/19/75,Ludvika,'--','SWE','SWE',76,201,1993,6,148,19992000,1999,'N',264,16,35,51
Ken Kuzyk,'R',8/11/53,0,41,5,9,14,8,11,'--','--','--',4,'--','--','--','--',4,0,0,0,0,'R','R',8/11/53,Toronto,'ON','CAN','CAN',73,195,NaN,NaN,NaN,19761977,1976,'N',41,5,9,14
Alexei Kudashov,'C',7/21/71,0,25,1,0,1,4,9,'--','--','--',2,'--','--','--','--',2,0,0,0,0,'R','C',7/21/71,Moscow,'--','RUS','RUS',72,190,1991,5,102,19931994,1993,'N',25,1,0,1
Zach Trotman,'D',8/26/90,0,91,3,10,13,30,19,'16:50','2','4',15,'-11','0.16','0.59','-0.43',15,0,0,0,0,'R','D',8/26/90,Carmel,'IN','USA','USA',75,217,2010,7,210,20132014,2013,'N',91,3,10,13
Bruce Cassidy,'D',5/20/65,0,36,4,13,17,10,16,'--','--','--',5,'--','--','--','--',5,0,0,0,0,'L','D',5/20/65,Ottawa,'ON','CAN','CAN',71,176,1983,1,18,19831984,1983,'N',36,4,13,17